Common name,PROTEIN,ASH,FAT,DIETARY-FIBRE,CARBOHYDRATE,ENERGY,THIAMINE,RIBOFLAVIN,NIACIN,PANTAC,VITAMIN B6,VITAMIN B7,VITAMIN B9,VITAMIN C,ALUMINIUM,CALCIUM,COPPER,IRON,MAGNESIUM,MANGANESE,NICKEL,PHOSPHOR,POTASSIUM,SODIUM,ZINC
Agathi leaves,8.01,2.42,1.35,8.6,5.21,295,0.26,0.33,1.18,0.53,0.22,7.75,76.44,121,0.01,450.5,0.125,4.36,96.64,1.24,0.068,52.52,674,18.12,0.53
Allathi,21.77,1.06,0.98,0.01,0.01,406,0.08,0.04,3.67,0.72,194,0.01,438.44,0.01,0.01,6.89,0.015,0.62,29.08,0.01,0.004,215,286,32.68,0.3
Almond,18.45,1.375,29.265,6.685,1.64,1276.5,0.087,0.153,1.975,0.41,0.048,1.37,308.44,0.405,0.6,119.1,0.57,2.6,183.75,1.37,0.078,234.6,371.2,1.005,1.8
Aluva,21.91,0.735,1.155,0.01,0.01,225.5,0.03,0.01,1.425,0.43,83.25,0.01,439.44,0.01,0.01,6.695,0.025,0.22,18.005,0.005,0.002,129.45,265.65,25.83,0.2
Amaranth leaves,3.673,1.802,0.423,3.215,1.81,93.833,0.007,0.168,0.457,0.273,0.144,1.877,78.44,58.548,2.467,158.7,0.127,4.337,128.85,1.273,0.021,51.955,427.833,11.515,0.875
Amaranth seed,14.1,2.228,4.342,5.4,45.505,1119.75,0.032,0.032,0.368,0.198,0.338,1.487,27.94,0.01,2.46,89.675,0.568,6.902,238.3,3.822,0.189,295.5,331.225,2.108,2.01
Amaranth spinosus,3.325,2.388,0.265,4.14,1.228,78.25,0.008,0.11,0.522,0.242,0.168,2.245,80.94,61.35,2.74,192.675,0.158,4.28,161.05,1.265,0.017,65.882,455.75,12.425,1.072
Anchovy,19.88,1.62,0.78,0.01,0.01,367,0.03,0.04,0.91,1.21,61.25,0.01,440.44,0.01,0.01,18.3,0.02,0.54,53,0.07,0.004,246,270,212,0.65
Apple,0.382,0.199,0.376,1.482,8.491,165,0.014,0.011,0.109,0.079,0.035,0.291,189.94,2.571,0.088,4.602,0.071,0.156,3.856,0.03,0.658,6.28,68.328,0.989,0.056
Apricot,2.54,1.092,0.363,1.012,21.178,394.5,0.078,0.023,0.73,0.255,0.072,0.875,192.94,2.573,0.9,9.68,0.232,1.027,5.188,0.103,0.037,26.758,97.05,1.42,0.185
Arecanut,5.31,0.965,3.315,6.465,38.743,835.5,0.027,0.061,0.513,0.107,0.181,1.388,310.44,0.01,0.675,28.435,0.738,1.615,49.09,1.462,0.052,70.777,327.9,7.422,0.557
Ari fish,22.01,1.34,1.11,0.01,0.01,415,0.06,0.03,3.65,0.23,218,0.01,441.44,0.01,0.01,2.18,0.01,0.47,30.27,0.01,0.006,265,447,37.35,0.31
Asafoetida,6.87,3.01,0.64,2.73,36.33,698,0.428,0.008,0.24,0.085,0.012,1.305,293.44,0.01,3.105,153.7,0.125,10.095,57.19,2.035,0.041,42.345,137.7,8.295,0.595
Ash gourd,0.85,0.39,0.08,1.8,1.53,38.5,0.016,0.006,0.07,0.2,0.119,1.08,110.44,6.36,0.03,10.425,0.025,0.335,13.39,0.06,0.006,18.76,227,0.455,0.095
Avocado fruit,2.95,1.19,13.86,6.69,1.75,604,0.07,0.08,0.9,1.26,0.18,1.25,194.44,9.36,0.01,14.24,0.195,0.81,48.14,0.74,0,63.14,377,2.81,0.75
Bael fruit,2.63,0.91,0.57,6.31,28.21,569,0.03,0.04,0.25,1.62,0.03,1.14,195.44,7.5,0.11,23.975,0.075,0.23,34.1,0.1,0.042,37.29,409,1.56,0.14
Bajra,11.22,0.77,3.035,6.055,31.315,737,0.147,0.119,0.48,0.275,0.14,0.345,29.44,0.01,1.495,14.755,0.325,3.73,71.75,0.645,0.039,157.15,191.5,2.1,1.56
Bamboo shoot,1.33,0.55,0.35,1.55,1.67,68,0.06,0.06,0.25,0.22,0.13,5.93,111.44,15.74,0.03,5,0.07,0.33,8.28,0.42,0.008,39.63,422,1.12,0.37
Banana,1.335,0.936,0.282,1.881,21.439,400.5,0.009,0.027,0.406,0.339,0.426,1.39,197.94,6.148,0.01,3.884,0.058,0.289,31.706,0.276,0.009,23.035,294.838,0.964,0.126
Barley,11.45,0.64,0.75,8.14,31.03,670,0.21,0.105,1.46,0.08,0.168,1.245,30.44,0.01,0.001,16.065,0.3,0.855,27.535,0.675,0,102.4,144.2,4.54,0.885
Basella leaves,1.57,1.09,0.45,2.21,2.01,82,0.06,0.15,0.46,0.48,0.18,1.07,82.44,63.35,2.69,46.945,0.06,4.2,153,1.29,0.044,37.26,337,18.74,0.39
Bathua leaves,2.5,1.71,0.44,4.01,2.56,116,0.06,0.51,0.54,0.41,0.17,1.25,83.44,41.03,0.01,105.5,0.05,2.66,48.41,1.58,0.008,37.55,438,10.75,0.98
Bean scarlet,3.13,0.495,0.525,2.375,3.305,100,0.073,0.068,0.3,0.225,0.166,6.895,112.44,3.805,0.01,30.9,0.09,0.385,22.705,0.195,0.02,32.61,86.15,1,0.31
Beef,17.987,0.53,3.414,0.01,0.01,274.864,0.071,0.098,2.79,1.315,0.167,0.01,404.44,0.01,0.247,5.02,0.21,3.978,10.991,0.037,0.004,121.53,169.186,44.309,1.59
Beet greens,2.73,1.405,0.385,1.885,2.745,84,0.015,0.11,0.255,0.18,0.08,2.66,84.44,20.67,0.01,98.95,0.075,3.185,63.9,0.6,0.016,20.41,289.5,72.55,0.095
Beet root,2.09,0.835,0.075,1.815,3.395,79,0.006,0.006,0.11,0.15,0.04,1.375,256.44,3.055,0.205,9.765,0.075,0.44,17.955,0.34,0.005,20.585,166.45,35.135,0.195
Bengal gram,21.095,1.278,2.648,10.232,21.932,649.25,0.197,0.101,1.022,1.12,0.146,0.475,51.94,0.01,0.782,54.935,0.478,3.47,77.1,1.22,0.069,156.975,488.4,11.915,1.912
Betel leaves,2.85,1.32,0.39,1.105,3.63,100.25,0.018,0.043,0.26,0.277,0.023,0.965,85.94,13.515,1.2,107.9,0.15,1.732,58.58,1.438,0.033,28.91,335.3,8.298,0.272
Betki,15.28,1.12,0.29,0.01,0.01,284,0.01,0.04,1.54,0.4,85,0.01,442.44,0.01,0.01,4.42,0.395,0.31,24.16,0.01,0.003,188,355,63.68,0.36
Bitter gourd,1.56,0.588,0.17,2.508,1.752,56.5,0.04,0.029,0.203,0.225,0.034,4.45,114.44,35.307,0.312,10.075,0.065,0.937,23.082,0.268,0.023,31.465,234.433,8.022,0.278
Black berry,1.02,0.28,0.325,2.3,5.495,116.5,0.006,0.012,0.245,0.165,0.03,0.92,200.44,10.495,0.01,13.255,0.03,0.42,17.535,0.24,0.016,12.29,122.75,0.77,0.07
Black gram,23.125,1.642,0.862,8.165,24.138,647.25,0.14,0.053,0.958,1.972,0.204,0.6,53.94,0.01,1.1,39.235,0.4,2.938,96.3,0.922,0.159,200.05,578.125,12.93,1.618
Black snapper,19.5,1.19,1.24,0.01,0.01,377,0.01,0.02,2.89,0.54,106,0.01,443.44,0.01,0.17,4.955,0.01,0.56,26.72,0.01,0.007,195,341,41.23,0.4
Bombay duck,13.53,1.07,1.03,0.01,0.01,287,0.03,0.02,0.64,1.48,98,0.01,444.44,0.01,0.67,79.5,0.015,0.81,24.27,0.05,0.006,185,188,223,0.42
Bommuralu,22.57,0.705,1.58,0.01,0.01,249.5,0.035,0.01,1.215,0.36,43.8,0.01,445.44,0.01,0.01,32.12,0.175,0.265,16.02,0.03,0.004,118.25,188.35,32.15,0.44
Bottle gourd,0.503,0.265,0.093,1.443,1.542,36.667,0.021,0.007,0.097,0.398,0.012,1.732,117.44,3.3,0.03,8.558,0.032,0.212,8.473,0.108,0.01,16.023,103.117,0.975,0.117
Brinjal,1.579,0.567,0.261,3.119,2.849,84.682,0.048,0.086,0.425,0.254,0.062,1.509,129.94,1.639,0.077,9.33,0.063,0.308,17.513,0.157,0.011,27.049,205.68,2.761,0.178
Broad beans,3.98,0.565,0.08,4.39,1.11,63.5,0.065,0.065,0.38,0.24,0.12,5.39,141.44,5.975,0.01,34.715,0.105,0.57,21.14,0.255,0.025,38.055,188.05,10.695,0.335
Brussels sprouts,4.26,1.47,0.5,4.29,5.09,185,0.06,0.16,0.5,0.47,0.19,2.45,87.44,89.45,0.01,26.995,0.04,1.54,32.99,0.41,0.012,98.56,639,18.51,0.57
Button mushroom,3.68,0.71,0.42,3.11,1.98,115,0.01,0.03,0.68,0.43,0.12,9.23,331.44,0.01,0.13,9.19,0.045,0.29,18.3,0.15,0.009,87.11,318,7.72,0.17
Cabbage,2.007,0.654,0.169,2.17,2.692,87.75,0.024,0.044,0.26,0.361,0.168,1.166,89.94,30.575,0.58,41.582,0.022,0.889,23.721,0.449,0.01,32.044,224.25,19.035,0.191
Calf,18.322,1.038,5.658,0.01,0.01,520.556,0.136,0.242,6.082,2.861,0.388,0.01,414.44,0.01,0.217,4.564,0.128,6.693,18.789,0.046,0.01,230.222,304.889,85.609,2.45
Capsicum,1.583,0.425,0.22,1.16,1.245,43.833,0.058,0.019,0.378,0.125,0.116,3.113,143.44,64.633,0.105,9.642,0.043,0.305,10.05,0.12,0.007,19.835,119.083,0.92,0.153
Cardamom,7.755,3.978,1.448,11.82,25.568,557,0.05,0.065,0.473,0.167,0.094,2.742,294.94,0.01,4.028,197,0.515,4.695,178.5,18.013,0.178,70.625,667.775,9.17,2.282
Carrot,1.115,0.643,0.25,2.29,3.463,81.75,0.025,0.02,0.135,0.16,0.052,0.792,257.94,4.132,0.292,22.627,0.055,0.48,11.445,0.138,0.008,21.74,145.975,30.213,0.178
Cashew nut,19.36,1.165,22.635,2.165,13.08,1224.5,0.326,0.024,0.545,0.795,0.085,1.455,312.44,0.01,0.145,18.49,1.18,3.195,176.8,0.93,0.376,267.65,335.1,4.595,2.805
Cat fish,20.845,0.895,3.382,0.01,0.01,378.5,0.028,0.05,1.19,0.93,143.075,0.01,495.94,0.01,0.168,9.07,0.018,0.612,19.202,0.018,0.004,179.9,297.75,27.895,0.528
Catla,19.3,0.475,1.245,0.01,0.01,200,0.005,0.02,1.2,0.525,64.75,0.01,546.44,0.01,0.27,23.72,0.04,0.745,13.225,0.025,0.004,94.5,165,21.44,0.405
Cauliflower,2.3,0.505,0.235,1.99,1.125,50.5,0.022,0.038,0.165,0.355,0.075,1.38,145.44,27.305,0.15,14.315,0.04,0.65,13.725,0.155,0.009,28.97,192.65,17.275,0.21
Cauliflower leaves,4.77,0.67,0.22,1.845,2.045,85,0.03,0.03,0.11,0.18,0.123,0.705,92.44,26.89,0.31,56.555,0.075,1.37,21.68,0.275,0.011,32.9,194.05,14.67,0.185
Celery stalk,1.11,0.83,0.14,1.11,1.28,37.5,0.018,0.024,0.265,0.22,0.035,1.085,146.44,7.595,0.83,21.055,0.12,0.885,11.875,0.14,0.006,27.01,154.05,5.365,0.105
Chakla,20.91,0.58,1.34,0.01,0.01,221,0.035,0.03,1.56,0.35,55.18,0.01,447.44,0.01,0.01,3.82,0.555,0.255,13.225,0.005,0.004,139.15,193.35,31.28,0.475
Chelu,20.02,1.28,0.7,0.01,0.01,366,0.06,0.02,2.19,1.07,161,0.01,449.44,0.01,0.01,4.085,0.065,0.67,31.68,0.02,0.019,252,406,37.6,0.41
Chembali,20.06,0.86,1.77,0.01,0.01,406,0.03,0.06,1.8,0.27,146,0.01,450.44,0.01,0.01,11.86,0.015,0.31,30.55,0.02,0.002,211,323,38.98,0.32
Cherries,1.71,0.235,0.255,1.12,6.09,127,0.038,0.012,0.1,0.13,0.022,0.885,201.44,4.695,0.21,14.445,0.045,0.23,9.585,0.115,0.002,16.87,104.7,0.865,0.08
Chicken mushroom,1.84,0.74,0.25,1.99,2.76,89,0.37,0.06,1.45,1.48,0.11,8.94,332.44,0.45,0.01,2.415,0.21,0.3,10.78,0.18,0,79.74,340,10.22,0.55
"Chicken, poultry",19.905,0.615,6.479,0.01,0.01,506.75,0.074,0.051,3.728,0.724,0.228,2.331,357.94,0.01,0.02,10.965,0.251,0.679,11.558,0.019,0.003,98.938,138.7,35.005,0.774
Chillies,3.756,0.871,0.746,4.564,5.066,155.833,0.086,0.122,0.95,0.183,0.187,0.502,280.884,58.033,0.744,15.539,0.134,1.089,33.204,0.284,0.022,50.502,337.639,2.854,0.277
Cho,0.73,0.215,0.09,0.815,1.825,40.5,0.005,0.016,0.125,0.11,0.042,0.545,147.44,12.845,0.01,10.475,0.03,0.295,7.04,0.13,0.006,13.25,70.4,0.665,0.065
Clam,11.98,1.645,1.16,0.01,0.01,246.5,0.06,0.105,0.93,1.055,102,0.01,538.94,0.01,0.055,18.025,1.757,1.01,68.78,0.13,0.026,161.5,213,317,2.615
Cloves,6.07,3.11,4.28,17.5,9.56,393.5,0.326,0.121,0.635,0.195,0.016,1.32,297.44,0.01,3.67,318.9,0.31,5.755,188.1,33.825,0.04,50.83,760.3,103.45,0.635
Cluster beans,3.93,0.905,0.205,2.685,2.745,91.5,0.028,0.018,0.38,0.19,0.064,3.025,148.44,11.895,0.205,69.4,0.08,2.28,46.09,0.255,0.036,24.675,174.35,2.39,0.37
Coconut,5.585,0.965,26.34,6.842,3.94,1086,0.02,0.035,0.285,0.112,0.066,0.438,313.94,0.265,0.125,11.482,0.39,1.352,39.543,0.725,0.114,72.97,282.05,6.915,0.565
Coconut Water,0.3,0.355,0.09,0.01,1.775,35.5,0.005,0.005,0.025,0.14,0.033,0.115,336.44,0.375,0.03,15.875,0.015,0.035,12.11,0.32,0.038,12.555,127.5,16.25,0.025
Colocasia,1.91,0.847,0.187,1.995,4.942,111.5,0.022,0.026,0.195,0.283,0.068,2.557,186.44,3.313,0.18,18.438,0.082,0.51,14.642,0.888,0.015,28.408,296.4,1.208,0.31
Colocasia leaves,3.71,1.205,0.735,2.89,2.09,95.5,0.046,0.042,0.435,0.17,0.16,6.675,93.44,24.09,0.01,133.4,0.175,1.955,37.76,0.86,0.019,31.74,254,7.005,0.515
Coriander leaves,3.78,1.17,0.38,2.45,1.1,69.5,0.048,0.027,0.38,0.35,0.108,2.53,283.44,15.6,1.165,79.5,0.14,3.425,43.44,0.605,0.03,38.845,340,22.505,0.42
Coriander seeds,10.99,2.755,8.845,23.585,7.8,581.5,0.104,0.126,0.68,0.15,0.021,0.9,298.44,0.01,3.785,380.5,0.77,12.19,184.25,1.6,0.084,173.7,766.1,17.4,2.115
Corn,2.92,1.5,0.78,3.295,6.53,162,0.102,0.051,0.3,0.55,0.103,0.435,151.44,5.035,0.01,45.175,0.075,0.84,13.82,0.11,0,5.02,139.7,1.045,0.675
Country hen,19.008,1.177,11.71,0.01,0.01,756.25,0.115,0.075,3.718,0.82,0.45,3.925,363.94,0.01,0.01,11.329,0.112,1.4,24,0.02,0,234.75,325.25,44.72,1.822
Crab,12.94,1.297,0.967,0.01,0.01,317.667,0.023,0.09,1.39,1.01,146.333,0.01,537.773,0.01,0.633,110,0.297,1.06,61.617,0.193,0.009,167,236.333,279,2.107
Cucumber,0.923,0.37,0.152,1.645,2.213,56.167,0.015,0.007,0.25,0.258,0.038,2.208,153.44,4.738,0.073,10.803,0.035,0.38,15.02,0.06,0.006,19.477,140.667,4.85,0.125
Cumin seeds,14.41,2.995,8.395,15.53,11.835,646.5,0.288,0.076,1.625,0.115,0.2,0.71,299.44,0.01,6.415,478,0.59,12.41,253.85,2.42,0.114,194.2,1012.5,78.05,2.26
Currants,1.51,0.69,0.53,4.07,9.93,227,0.03,0.03,0.35,0.28,0.09,2.41,202.44,182,0.5,20.16,0.04,1.36,16.66,0.11,0.005,78.8,283,1.45,0.21
Curry leaves,7.67,2.72,0.55,8.805,3.15,149,0.043,0.069,0.475,0.275,0.333,0.995,284.44,3.7,2.27,368.2,0.275,4.545,113.4,0.74,0.062,48.675,348.5,11.395,0.845
Custard apple,1.62,0.68,0.67,5.1,20.38,414,0.13,0.09,0.69,0.19,0.07,0.76,203.44,21.51,0.01,14.1,0.095,0.42,38.47,0.15,0,40.81,278,3.11,0.22
Dates,2.083,1.818,0.317,6.737,59.445,1058,0.03,0.023,0.79,0.447,0.096,1.302,205.44,7.277,2.135,26.262,0.197,2.502,43.24,0.58,0.026,48.672,499.25,2.17,0.46
Drumstick,2.84,0.68,0.065,3.525,2.23,67,0.021,0.038,0.325,0.32,0.066,2.36,155.44,45.495,0.165,19.42,0.06,0.455,24.315,0.11,0.008,30.795,247.7,11.37,0.185
Drumstick leaves,6.76,1.32,0.88,4.2,3.53,154.5,0.033,0.246,0.455,0.215,0.472,1.175,94.44,62.35,0.61,192.5,0.35,2.825,53.63,0.93,0.02,64.85,199.55,5.725,0.455
Duck,19.07,1.22,6.03,0.01,0.01,547,0.22,0.13,2.24,0.74,0.31,4.27,366.44,0.01,0.01,11.385,0.5,4.26,26,0.06,0,237,273,82.25,2.92
"Egg, country hen",14.123,0.96,14.467,0.01,0.01,775.333,0.13,0.077,0.133,0.977,0.18,19.35,349.44,0.01,0.01,27.302,0.053,1.84,11.667,0.023,0,215.667,129.333,154.333,1.21
"Egg, duck",14.5,1.047,14.08,0.01,0.01,767.333,0.233,0.077,0.15,0.9,0.15,14.067,352.44,0.01,0.01,30.062,0.067,2.783,13,0.067,0,273,201,132.667,1.653
"Egg, poultry",14.333,0.499,6.171,0.01,0.01,347.5,0.045,0.091,0.135,0.876,0.077,14.354,344.44,0.01,0.01,31.221,0.053,1.134,6.969,0.015,0,133.28,71.743,61.747,0.736
"Egg, quial",12.71,0.965,11.48,0.01,0.01,641,0.13,0.095,0.135,0.87,0.16,17.675,354.94,0.01,0.01,30.505,0.055,2.59,11.5,0.03,0,236.5,117,131,1.53
Eggs,24.68,1.57,5.28,0.01,0.01,600,0.01,0.19,1.09,0.83,148,0.01,529.44,0.01,0.48,30.845,0.04,6.65,59.93,0.5,0.016,445,252,54.83,3.11
Emu,22.65,0.98,4.62,0.01,0.01,556,0.1,0.17,3.26,2.21,0.35,0.01,367.44,0.01,0.01,3.7,0.325,3.95,25,0.04,0,243,275,48.48,2.91
Eri meen,22.3,1.28,2.02,0.01,0.01,454,0.04,0.03,2.88,0.57,190,0.01,451.44,0.01,0.01,6.225,0.01,0.46,30.99,0.01,0.005,243,402,41.19,0.31
Fenugreek leaves,4.04,0.94,0.425,2.555,1.245,77,0.062,0.122,0.375,0.26,0.243,2.72,95.44,37.665,1.11,150.9,0.11,3.53,41.09,0.59,0.024,30.065,144.5,25.62,0.3
Fenugreek seeds,25.65,1.54,2.87,24.045,5.57,496.5,0.154,0.083,0.645,0.15,0.449,0.915,300.44,0.01,0.81,76.1,0.74,5.185,101.3,0.965,0.121,275,451.25,20.13,2.365
Field bean,20.237,2.363,0.793,19.237,37.225,979.167,0.299,0.06,1.648,0.792,0.306,0.605,58.44,0.01,0.547,40.128,0.493,4.2,157.517,2.043,0.216,381.9,1071.167,1.21,2.117
Field beans,3.695,0.77,0.475,4.485,2.168,103.25,0.056,0.054,0.248,0.3,0.322,3.173,156.94,4.265,0.442,33.592,0.13,1.442,38.985,0.428,0.032,58.852,260.75,10.292,0.528
Fig,2.25,0.63,0.215,2.525,8.705,179.5,0.03,0.014,0.175,0.17,0.083,1.865,207.44,10.59,0.475,47.5,0.105,0.375,14.26,0.04,0.008,11.795,119.1,1.83,0.115
French beans,2.41,0.67,0.165,3.287,2.105,74,0.036,0.041,0.6,0.208,0.326,4.205,158.94,5.7,0.365,29.148,0.053,0.88,30.152,0.277,0.038,40.81,252.275,6.825,0.348
Freshwater Eel,20.41,1.03,2.63,0.01,0.01,451,0.01,0.31,2.3,1.52,106,0.01,547.44,0.01,0.81,26.495,1.36,1.54,42.5,0.13,0.012,361,450,88.67,2.23
Garden cress,14.65,2.86,6.358,3.378,10.78,570.5,0.151,0.068,2.033,0.188,0.114,8.325,205.94,21.38,0.01,147.45,0.208,8.768,119.345,1.405,0.064,170.2,437.925,19.028,2.21
Garlic,6.743,1.097,0.108,3.198,15.375,349.667,0.159,0.16,0.278,1.218,0.57,1.89,286.44,9.8,0.083,10.868,0.107,0.718,24.645,0.177,0.022,88.3,376.833,6.307,0.562
Gingelly seeds,21.423,2.5,21.587,8.672,5.522,1080.667,0.178,0.046,1.827,0.268,0.308,1.848,317.44,0.01,1.218,798,0.913,8.212,199.383,1.115,0.11,360.133,247.683,7.452,4.415
Ginger,2.38,0.73,0.44,2.88,4.625,117,0.022,0.022,0.235,0.13,0.112,0.61,288.44,3.325,1.09,10.875,0.075,1.225,30.89,2.705,0.024,23.26,228.25,5.97,0.28
Goat,17.886,0.517,3.419,0.01,0.01,283.577,0.077,0.119,2.373,1.299,0.182,0.01,381.44,0.01,0.18,6.04,0.292,4.351,9.582,0.033,0.006,114.377,146.731,47.37,1.403
Gobro,19.37,0.98,0.88,0.01,0.01,362,0.07,0.02,1.27,0.24,43.72,0.01,452.44,0.01,0.01,12.09,0.05,0.36,28.23,0.01,0.004,170,316,52.68,0.37
Gogu leaves,1.935,0.75,0.815,3.19,3.18,115,0.094,0.042,0.435,0.54,0.24,2.61,97.94,27.555,2.018,72.325,0.118,7.128,62.618,1.462,0.041,30.395,146.85,10.715,0.498
Gold fish,16.91,1.1,2.94,0.01,0.01,396,0.01,0.05,1.86,1.13,225,0.01,548.44,0.01,0.27,23.945,0.015,0.76,21.66,0.02,0.01,185,243,27.53,1.69
Goosberry,0.37,0.195,0.1,4.195,2.74,59,0.01,0.021,0.07,0.195,0.162,0.885,208.44,141.2,0.05,11.325,0.1,0.665,3.715,0.065,0.006,11.86,117.8,0.78,0.03
Grapes,1.125,0.288,0.185,0.718,8.031,153.583,0.025,0.021,0.082,0.06,0.055,0.661,211.94,12.055,0.01,8.283,0.085,0.166,5.001,0.062,0.007,13.709,105.917,1.214,0.042
Green gram,23.725,1.582,0.715,6.792,24.952,653,0.224,0.104,1.09,1.027,0.146,0.555,60.94,0.01,1.585,37.845,0.555,2.395,102.35,0.542,0.073,206.25,651.15,5.755,1.352
Ground nut,24.5,1.09,19.96,5.28,8.8,1092.5,0.311,0.068,5.855,0.52,0.126,0.915,319.44,0.01,1.775,30.685,0.5,1.9,106.25,0.845,0.12,202,363.95,6.34,1.66
Guava,1.455,0.41,0.158,4.102,3.718,85.25,0.024,0.021,0.325,0.125,0.078,0.588,215.94,119.15,0.01,9.44,0.098,0.232,8.015,0.12,0.007,16.11,152.925,1.228,0.12
Guinea fowl,20.52,0.92,3.24,0.01,0.01,469,0.02,0.18,3.64,0.71,0.58,0.01,368.44,0.01,0.01,15.385,0.085,2.2,21,0.03,0,187,240,57.64,1.48
Guitar fish,22.56,1.32,0.44,0.01,0.01,400,0.03,0.02,2.01,0.15,139,0.01,453.44,0.01,0.01,8.66,0.015,0.44,27.45,0.01,0.002,230,342,70.81,0.35
Hare,20.757,1.233,4.43,0.01,0.01,517,0.073,0.257,5.173,0.65,0.247,0.01,433.44,0.01,0.01,24.815,0.145,2.74,30.333,0.03,0,276.667,337.667,48.707,1.93
Hilsa,21.8,1.11,18.49,0.01,0.01,1083,0.01,0.04,2.85,2.33,120,0.01,454.44,0.01,0.59,9.91,0.075,1.19,30.62,0.08,0.001,278,341,80.88,0.64
Horse gram,22.02,1.675,0.33,3.95,28.87,694,0.161,0.136,1.04,0.82,0.114,0.33,62.44,0.01,2.865,151.95,0.69,4.96,85.05,1.77,0.175,160.25,553.7,6.155,1.46
Jack fruit,3.76,0.543,0.173,3.4,5.217,127,0.031,0.019,0.153,0.155,0.06,2.215,179.773,7.992,0.01,22.23,0.145,0.232,20.88,0.227,0.007,17.317,188.167,1.64,0.142
Jaggery,2.04,1.045,0.09,0.01,42.75,744.5,0.023,0.005,0.01,0.12,0.397,0.32,329.44,0.01,1.61,63.35,0.055,2.93,71.45,0.555,0.012,43.365,295.5,16.425,0.335
Jallal,21.55,1.17,1.46,0.01,0.01,420,0.02,0.02,3.24,0.91,89.14,0.01,455.44,0.01,0.01,7.365,0.015,0.46,29.12,0.01,0.003,204,368,74.33,0.83
Jambu fruit,0.82,0.31,0.17,3.07,12.3,235,0.02,0.02,0.14,0.31,0.03,2.57,218.44,16.47,0.45,12.68,0.01,0.33,27.97,0.04,0.016,9.6,103,2.64,0.06
Jathi vela meen,22.45,1.26,1.92,0.01,0.01,453,0.12,0.02,2.82,0.29,67.45,0.01,456.44,0.01,0.01,3.325,0.01,0.28,31.12,0.01,0.003,249,467,30.53,0.35
Jowar,10.4,0.865,1.02,5.355,34.355,705.5,0.194,0.077,1.095,0.145,0.152,0.38,31.44,0.01,1.575,15.655,0.28,2.445,73.9,0.65,0.04,154.85,176.55,2.815,1.135
Kadal bral,18.72,1.27,1.34,0.01,0.01,368,0.01,0.06,1.76,0.19,89.19,0.01,457.44,0.01,0.01,36.96,0.01,0.31,29.55,0.02,0.002,219,366,53.66,0.38
Kadali,22.07,1.06,4.2,0.01,0.01,530,0.04,0.01,1.86,0.32,184,0.01,458.44,0.01,0.01,4.31,0.01,0.38,26.23,0.001,0.005,207,390,36.06,0.35
Kalamaara,20.89,1.08,4.54,0.01,0.01,523,0.06,0.03,2.22,0.65,160,0.01,459.44,0.01,0.01,3.77,0.015,0.5,34.29,0.01,0.003,227,420,29.33,0.38
Kalava,19.38,1.34,1.2,0.01,0.01,374,0.06,0.05,2.24,0.22,135,0.01,460.44,0.01,0.01,5.33,0.36,0.26,22.87,0.02,0.003,177,279,40.14,0.82
Kanamayya,20.19,1.07,0.65,0.01,0.01,367,0.06,0.01,1.22,1.46,83.86,0.01,461.44,0.01,0.01,3.86,0.01,0.36,27.07,0.01,0.003,194,346,50.53,0.31
Kannadi paarai,22.33,0.735,0.835,0.01,0.01,217,0.03,0.015,1.04,0.57,38.275,0.01,462.44,0.01,0.01,5.79,0.02,0.185,17.395,0.005,0.004,149.85,239.9,37.36,0.225
Karimeen,19.68,0.97,1.38,0.01,0.01,386,0.08,0.05,1.15,0.23,90.62,0.01,463.44,0.01,0.01,5.865,0,0.6,28.49,0.03,0.005,192,452,23.72,0.46
Karnagawala,19.52,1.45,0.84,0.01,0.01,363,0.07,0.01,0.98,1.39,60.47,0.01,464.44,0.01,0.01,30.015,0.005,0.44,44.3,0.02,0.004,178,228,63.27,0.41
Karonda fruit,1.15,1.02,1.67,7.25,2.87,141,0.01,0.02,0.25,0.67,0.08,1.55,219.44,135,0.99,5.405,0.355,0.87,24.45,0.24,0.01,32.62,351,2.55,0.25
Kayrai,20.15,1.28,3,0.01,0.01,454,0.08,0.07,5.18,1.29,264,0.01,465.44,0.01,0.01,3,0.04,0.98,31.74,0.01,0.003,266,321,25.12,0.39
Khoa,16.95,2.07,10.725,0.01,8.895,668,0.062,0.058,0.23,0.17,0.033,10.625,340.44,0.01,1.85,340.85,0.08,1.34,32.285,0.055,0.004,261.7,280.15,29.495,1.245
Kiriyan,22.49,0.94,4.7,0.01,0.01,556,0.04,0.13,2.75,1.36,121,0.01,466.44,0.01,0.01,9.71,0.045,1,31.98,0.03,0.004,214,277,35.88,0.82
Kite fish,23.07,1.5,0.56,0.01,0.01,413,0.04,0.07,2.5,0.45,127,0.01,467.44,0.01,0.01,5.51,0.02,1.38,28.46,0.01,0.005,231,387,59.03,0.55
Knol,2.47,0.915,0.267,2.085,3.48,106.75,0.043,0.094,0.528,0.238,0.196,7.428,130.94,54.425,0.01,101.768,0.045,1.328,38.685,0.39,0.011,38.82,252.2,21.132,0.255
Korka,23.72,1.09,3.36,0.01,0.01,528,0.03,0.17,3.42,0.4,316,0.01,468.44,0.01,0.01,5.56,0.61,0.73,28.55,0.02,0.007,229,349,43.3,1.47
Kovai,1.42,0.397,0.2,2.44,1.842,60.75,0.031,0.016,0.4,0.215,0.048,2.258,163.94,16.755,0.03,19.352,0.032,0.252,15.15,0.112,0.006,23.572,141.725,1.52,0.118
Kulam paarai,21.62,1.25,3.6,0.01,0.01,501,0.06,0.01,1.97,0.57,218,0.01,469.44,0.01,0.01,7.585,0.025,0.5,30.79,0.01,0.008,244,366,49.17,0.52
Ladies finger,2.45,0.515,0.125,2.14,1.94,60,0.022,0.04,0.31,0.16,0.148,0.955,165.44,12.055,0.31,46.525,0.07,0.495,37.545,0.17,0.006,32.205,147.75,3.755,0.245
Lemon,0.46,0.155,0.385,0.001,3.765,81,0.024,0.005,0.055,0.065,0.017,1.03,220.44,26.255,0.075,12.79,0.02,0.085,4.725,0.01,0,5.19,66.05,0.72,0.05
Lentil dal,25.45,1.18,0.395,5.41,26.79,680,0.187,0.082,0.915,0.675,0.101,0.725,63.44,0.01,0.87,24.53,0.535,3.805,41.235,0.64,0.058,157.65,420.65,5.17,1.935
Lentil whole,22.97,1.785,0.47,12.86,36.352,941.5,0.328,0.172,1.945,1.355,0.356,1.29,64.94,0.01,1.268,40.005,0.483,6.015,71.915,1.232,0.138,205.85,586.9,8.255,2.612
Lettuce,2.02,0.605,0.15,1.015,1.785,53.5,0.032,0.049,0.095,0.06,0.048,1.12,100.44,7.49,0.51,29.39,0.095,1.66,30.39,0.265,0.006,27.895,178.3,10.03,0.365
Lime,0.85,0.25,0.13,1.09,2.775,59.5,0.032,0.006,0.095,0.14,0.032,1.23,221.44,27.3,0.01,15.405,0.015,0.065,8.41,0.025,0,10.91,110.7,0.81,0.03
Linseeds,18.7,1.625,18.185,13.28,5.925,936.5,0.149,0.026,0.57,0.2,0.185,10.87,321.44,0.01,0.01,135.5,0.715,3.065,184.4,1.185,0.112,232.55,350.3,19.69,2.555
Litchi,1.08,0.25,0.14,0.695,5.805,115,0.012,0.034,0.125,0.145,0.04,1.57,222.44,19.53,0.305,3.285,0.065,0.5,8.125,0.025,0.004,13.225,98.3,0.34,0.165
Lobster,17.25,1.185,0.67,0.01,0.01,333.5,0.01,0.015,1.25,1.345,186,0.01,532.94,0.01,0.09,34.875,0.152,0.56,47.75,0.055,0.006,242,263.5,165.5,1.54
Lotus root,2.26,0.8,0.495,2.37,7.56,173,0.039,0.036,0.24,0.11,0.104,1.585,260.44,16.825,3.75,20.25,0.12,2.325,14.16,1.105,0.016,40.92,358,10.98,0.23
Maagaa,20.11,1.01,0.67,0.01,0.01,366,0.02,0.01,0.73,0.4,106,0.01,470.44,0.01,0.01,4.21,0.01,0.23,30.32,0.01,0.002,181,375,52.28,0.35
Mace,6.51,1.375,12.305,10.27,13.66,750,0.075,0.082,0.515,0.2,0.17,1.035,301.44,0.01,1.205,88.75,1.015,14.78,116.05,1.425,0.176,63.85,324.45,16.99,0.655
Mackerel,21.85,0.815,1.23,0.01,0.01,231.5,0.045,0.065,2.335,0.715,51.45,0.01,471.44,0.01,0.01,23.585,0.075,1.045,23.75,0.01,0.002,124.8,172.9,48,0.39
Maize,5.95,0.362,1.228,3.485,17.882,391.833,0.111,0.064,0.843,0.187,0.217,0.787,33.44,1.607,0.547,4.033,0.175,0.698,41.453,0.263,0.014,106.267,137.267,1.537,0.745
Manda clathi,21.27,1.48,1,0.01,0.01,398,0.03,0.02,2.77,1.02,87.58,0.01,472.44,0.01,0.01,5.74,0.005,0.43,37.88,0.01,0.006,320,431,58.5,0.37
Mango,0.6,0.319,0.384,1.463,7.542,154.625,0.022,0.03,0.199,0.092,0.108,1.091,218.94,29.626,0.017,8.906,0.045,0.324,9.914,0.161,0.003,9.627,111.025,3.032,0.089
Mango ginger,1.82,0.855,0.365,2.62,3.565,90,0.01,0.042,0.23,0.14,0.095,0.99,289.44,0.96,0.01,8.165,0.065,1.79,21.565,1.025,0.008,44.23,193.25,3.4,0.305
Mangosteen,0.63,0.33,0.24,1.87,11.41,219,0.01,0.01,0.58,0.15,0.18,0.81,230.44,26.33,0.17,2.345,0.055,0.28,12,0.04,5.183,7.18,46.93,3.79,0.21
Manila tamarind,3.56,2.82,1.14,4.4,13.54,342,0.18,0.14,0.4,0.18,0.04,0.22,231.44,55.78,0.01,4.255,0.11,0.71,32.98,0.27,0,73.53,376,1.35,0.56
Matha,21.17,1.35,0.79,0.01,0.01,389,0.05,0.05,2.37,1.4,42.45,0.01,473.44,0.01,0.01,7.01,0.01,0.32,40.24,0.01,0.012,263,450,62.58,0.32
Milk,3.565,0.348,2.888,0.01,3.765,196.5,0.023,0.073,0.042,0.19,0.023,1.115,337.94,1.212,0.01,61.225,0.02,0.088,5.292,0.005,0,49.718,58.425,15.35,0.178
Milk fish,23.66,1.12,1.09,0.01,0.01,442,0.05,0.07,5.21,1.03,76.51,0.01,474.44,0.01,0.01,14.59,0.225,1.35,35.38,0.02,0.003,292,301,42.98,2.43
Mint leaves,4.81,1.175,0.35,3.19,1.375,79.5,0.012,0.11,0.485,0.215,0.099,1.32,290.44,11.955,0.665,118.4,0.275,5.885,70.45,0.815,0.021,40.715,270.85,11.12,0.415
Mithun,18.95,0.843,7.12,0.01,0.01,585.667,0.087,0.097,5.45,1.43,0.333,0.01,420.44,0.01,0.293,2.412,0.043,2.16,19.763,0.013,0.037,189,289,34.51,5.22
Moon fish,20.74,1.69,4.69,0.01,0.01,526,0.07,0.07,1.83,1.72,136,0.01,475.44,0.01,0.01,14.59,0.08,1.67,37.14,0.04,0.003,169,157,65.17,0.93
Moth bean,20.13,1.66,0.925,7.805,26.525,653.5,0.26,0.048,0.975,0.735,0.084,1.165,66.44,0.01,0.48,85.5,0.35,4.035,109.25,0.545,0.097,196.85,704.6,13.22,1
Mud crab,10,2.6,0.55,0.01,0.01,190,0.06,0.14,0.6,1.3,180,0.01,534.44,0.01,0.01,100.5,0.615,0.87,46.92,0.79,0.002,153,227,305,3.3
Mullet,21.53,0.645,0.795,0.01,0.01,209.5,0.035,0.1,2.36,0.585,75.1,0.01,476.44,0.01,0.01,20.515,0.055,1.145,19.14,0.035,0.003,128.6,174.95,36.5,0.29
Mural,19.04,1.11,0.58,0.01,0.01,345,0.06,0.03,2.65,0.37,67.24,0.01,477.44,0.01,0.01,4.305,0.01,0.24,27.1,0.01,0.001,224,330,110,0.71
Musk melon,0.53,0.265,0.162,0.845,2.77,59.75,0.01,0.012,0.242,0.073,0.032,0.452,232.94,12.172,0.025,5.978,0.03,0.122,6.828,0.025,0.004,8.732,121.525,9.292,0.057
Mustard leaves,3.73,0.79,0.28,1.99,1.435,68,0.046,0.098,0.325,0.135,0.084,0.955,101.44,30.82,0.895,107.4,0.155,1.48,28.005,0.24,0.008,44.125,232.75,11.405,0.385
Mustard seeds,19.74,1.89,20.2,7.38,8.755,1074,0.308,0.17,2.105,0.26,0.13,0.905,320.44,0.01,4.69,228,0.42,8.22,156.65,2.705,0.056,398.55,403,2.49,2.145
Myil meen,22.89,1.21,0.56,0.01,0.01,410,0.04,0.04,4.41,0.71,119,0.01,478.44,0.01,0.01,3.6,0.06,1.2,30.08,0.02,0.004,268,365,61.96,0.58
Nalla bontha,19.82,1,0.72,0.01,0.01,364,0.04,0.01,0.56,0.22,83.41,0.01,479.44,0.01,0.01,4.52,0.01,0.31,29.2,0.01,0.003,197,403,57.87,0.3
Narba,21.95,1.17,1.6,0.01,0.01,432,0.05,0.04,1.51,0.75,153,0.01,480.44,0.01,0.01,3.605,0.05,1.11,26.33,0.01,0.003,235,384,49.51,0.45
Niger seeds,20.49,2.327,19.702,5.52,12.015,1072.25,0.237,0.163,0.565,0.252,0.219,1.292,322.94,0.01,8.028,260.55,0.69,10.948,208.825,1.962,0.172,259.5,418,5.188,2.548
Nutmeg,6.54,1.05,18.28,6.085,14.17,975.5,0.028,0.03,0.285,0.195,0.054,0.93,302.44,0.01,0.435,80.05,0.645,1.265,118.5,1.795,0.14,122.1,244.6,7.295,0.775
Octopus,14.71,1.21,1.12,0.01,0.01,334,0.05,0.05,1.18,0.94,87.71,0.01,540.44,0.01,0.16,11.49,0.545,0.5,41.99,0.03,0.004,173,162,179,1.24
Omum,16.5,4.205,10.595,10.31,12.605,751,0.166,0.127,0.71,0.13,0.123,1.04,303.44,0.01,3.915,589,0.66,7.97,147.65,3.89,0.182,193.35,969,14.435,3.065
Onion,1.967,0.407,0.12,1.553,4.24,95,0.03,0.016,0.137,0.123,0.078,2.598,250.44,8.622,0.695,15.127,0.077,0.845,19.595,0.143,0.01,20.298,129.933,4.793,0.353
Orange,0.82,0.19,0.075,0.67,4.095,80,0.04,0.012,0.16,0.125,0.022,1.65,234.44,23.765,0.01,10.5,0.02,0.425,5.785,0.01,0,8.685,93.8,0.76,0.025
Oyster,9.51,2.47,2.44,0.01,0.01,252,0.06,0.07,0.71,1.18,145,0.01,535.44,0.01,0.01,63,1.705,0.9,22.24,0.56,0,170,122,41.01,7.35
Oyster mushroom,19.04,1.41,2.86,39.12,33.07,1019,0.24,0.17,3.77,2.33,0.85,22.51,334.44,0.01,5.17,11.805,0.45,3.58,136,1.02,0.044,702,350,8.67,8.67
Paarai,21.58,1.21,1.84,0.01,0.01,435,0.03,0.02,2.86,0.27,173,0.01,481.44,0.01,0.01,6.76,0.015,0.69,27.59,0.01,0.007,284,384,45.22,0.45
Padayappa,19.7,1.26,0.69,0.01,0.01,360,0.03,0.05,4.53,0.68,68.93,0.01,482.44,0.01,0.01,4.915,0.29,0.33,28.98,0.02,0.006,256,490,33.87,1.48
Pak Choi leaves,1.41,1.1,0.25,1.91,1.78,67,0.02,0.22,0.66,0.31,0.96,10.25,102.44,55.6,3.16,75,0.03,3.78,45.28,0.36,0.024,25.95,250,33.73,0.16
Pali kora,19.25,1,1.81,0.01,0.01,394,0.03,0.05,0.78,0.43,126,0.01,483.44,0.01,0.01,8.515,0.005,0.42,28,0.01,0.001,195,364,54.85,0.38
Palm fruit,0.5,0.13,0.12,2.4,4.92,101,0.01,0.001,0.46,0.13,0.07,2.49,235.44,0.25,0.01,0.001,0.001,0.001,0.001,0.001,0,0.001,158,1.25,0.05
Pambada,21.95,1.41,4.44,0.01,0.01,537,0.04,0.03,1.96,0.64,76.49,0.01,484.44,0.01,0.01,8.265,0.01,0.38,29.87,0.02,0.002,170,263,82.65,0.41
Pandukopa,19.73,1.15,0.65,0.01,0.01,360,0.04,0.02,0.54,0.42,262,0.01,485.44,0.01,0.01,6.09,0.015,0.47,29.15,0.01,0.004,203,427,49.15,0.33
Paneer,19.61,1.03,7.475,0.01,6.265,546,0.01,0.06,0.08,0.25,0.023,10.805,339.44,0.01,1.52,255.85,0.075,0.57,14.245,0.09,0.008,182.3,36.745,9.645,1.44
Pangas,18.74,0.575,8.84,0.01,0.01,438,0.01,0.03,0.745,0.36,123.1,0.01,549.44,0.01,0.29,6.385,0.025,0.425,14.75,0.02,0.002,108,180.3,23.46,0.425
Papaya,0.515,0.288,0.108,1.355,2.465,54,0.016,0.039,0.122,0.198,0.02,1.19,202.44,18.298,0.03,10.23,0.035,0.12,7.332,0.018,0.001,12.93,96.875,3.617,0.05
Parava,21.5,1.08,2.74,0.01,0.01,467,0.03,0.03,0.98,0.09,153,0.01,486.44,0.01,0.01,14.56,0.01,3.58,32.52,0.03,0.009,194,363,84.08,0.56
Parcus,19.87,1.12,0.62,0.01,0.01,361,0.04,0.02,0.88,0.21,202,0.01,487.44,0.01,0.01,10.54,0.01,0.28,28.84,0.02,0.004,218,446,64.38,0.33
Parrot fish,20.82,1.4,0.57,0.01,0.01,375,0.06,0.02,1.89,1.15,132,0.01,488.44,0.01,0.01,4.605,0.03,0.38,28.88,0.02,0.003,316,432,51.79,0.31
Parsley,5.89,1.21,0.63,1.96,5.24,161.5,0.106,0.052,0.185,0.115,0.1,7.25,103.44,74.65,0.01,168.35,0.115,3.88,31.535,0.46,0.03,47.21,264.1,26.77,0.715
Parwar,1.5,0.31,0.17,1.34,1.93,53,0.028,0.03,0.355,0.15,0.11,5.3,169.44,12.925,0.195,16.92,0.05,0.305,14.115,0.08,0.008,18.765,59.75,1.19,0.13
Peach,0.86,0.51,0.37,2.13,7.82,168,0.02,0.02,0.29,0.15,0.1,1.43,237.44,5.49,0.18,3.49,0.04,0.35,8.06,0.05,0.138,19.08,281,1.15,0.1
Pear,0.4,0.17,0.155,2.28,4.16,80,0.012,0.014,0.08,0.03,0.052,0.84,238.44,2.105,0.31,3.97,0.05,0.19,4.42,0.045,0.006,4.265,56.3,0.86,0.045
Peas,14.75,0.893,0.53,6.055,15.483,410.25,0.226,0.052,1.038,0.525,0.129,1.255,118.94,11.21,0.242,30.225,0.248,1.818,43.625,0.422,0.046,102.748,311.85,6.792,1.12
Pepper,10.52,2.355,1.38,16.725,18.335,459,0.036,0.052,0.435,0.165,0.142,1.935,305.44,0.01,4.265,222.95,1.095,7.695,132.4,4.36,0.178,79.4,832.5,13.965,0.835
Perinkilichai,20.89,1.02,0.87,0.01,0.01,387,0.08,0.01,1.48,0.43,119,0.01,489.44,0.01,0.01,3.625,0.01,0.29,29.01,0.01,0.003,236,365,34.16,0.36
Phalsa,1.66,1.09,0.14,4.54,15.09,299,0.03,0.06,0.4,0.17,0.03,1.49,239.44,5.11,0.01,76.5,0.12,2.01,76.92,0.47,0.006,23.65,362,1.99,0.48
Phopat,22.8,0.63,0.9,0.01,0.01,216,0.04,0.03,2.705,0.595,71,0.01,490.44,0.01,0.01,6.205,0.03,0.26,17.525,0.005,0.006,139.65,225.55,19.425,0.21
Pine seed,12.8,1.44,24.445,1.91,13.56,1244.5,0.206,0.042,1.785,0.265,0.057,9.54,324.44,0.01,0.01,9.135,0.62,2.765,143.35,4.235,0.118,328.85,377.5,0.675,2.11
Pineapple,0.61,0.21,0.09,1.79,5.285,99.5,0.028,0.02,0.07,0.075,0.072,0.64,240.44,20.01,0.06,6.395,0.05,0.195,8.5,0.815,0.01,8.96,82.6,0.765,0.06
Pippali,10.98,3.24,1.145,17.37,18.075,457,0.036,0.085,0.585,0.135,0.326,1.355,304.44,0.01,2.41,240.1,0.87,5.05,117.5,1.275,0.168,93.95,1138.5,9.14,0.89
Piranha,20.46,0.93,5.43,0.01,0.01,549,0.04,0.05,0.97,1.04,67.91,0.01,491.44,0.01,0.01,7.425,0,0.5,23.41,0.02,0.003,170,323,38.97,0.43
Pistachio nuts,23.7,1.575,21.415,5.4,8.17,1133.5,0.562,0.021,0.435,0.305,0.494,7.01,325.44,0.01,0.01,78.7,0.47,2.565,76,0.465,0.048,273.1,532.35,4.385,1.28
Plantain,1.123,0.69,0.188,1.945,5.013,102.833,0.01,0.017,0.147,0.172,0.066,1.362,172.44,6.638,0.063,10.968,0.05,0.207,21.323,0.305,0.004,18.07,221.467,8.648,0.165
Plum,0.77,0.255,0.28,1.215,6.785,128.5,0.016,0.01,0.23,0.105,0.028,0.235,241.44,1.13,0.125,4.275,0.4,0.17,4.395,0.04,0.038,8.84,82.65,0.82,0.07
Pomegranate,1.4,0.305,0.085,1.445,6.005,117.5,0.032,0.007,0.115,0.23,0.161,0.345,242.44,7.025,0.03,6.235,0.08,0.185,6.015,0.08,0.004,18.605,119.45,1.115,0.11
Pomfret,19.66,1.09,3.47,0.01,0.01,467.667,0.063,0.033,1.977,0.823,94.503,0.01,493.44,0.01,0.05,6.385,0.025,0.5,30.09,0.017,0.004,217.667,344.333,50.427,0.65
Ponnaganni,5.29,2.65,0.71,6.74,5.17,213,0.02,0.1,0.32,0.21,0.19,11.18,104.44,103,0.01,194,0.105,3.88,80.39,0.66,0.041,58.26,457,39.36,0.99
Poppy seeds,20.71,3.115,16.125,14.86,7.16,922.5,0.476,0.056,0.435,0.18,0.216,1.715,306.44,0.01,1.815,783,1.11,5.585,226.95,4.125,0.091,471.5,350.5,13.785,3.295
Pork,17.242,0.459,5.292,0.01,0.01,363.95,0.112,0.118,2.926,1.731,0.178,0.01,426.94,0.01,0.286,5.027,0.224,4.86,10.32,0.032,0.005,110.665,143.98,48.635,1.369
Potato,1.63,0.833,0.188,1.413,11.992,236.833,0.047,0.008,1.027,0.367,0.091,1.42,262.44,21.672,0.133,4.627,0.067,0.525,21.23,0.13,0.01,31.407,416.05,3.472,0.292
"Poultry, chicken",19.895,1.285,3.075,0.01,0.01,452,0.145,0.155,3.655,3.545,0.53,4.595,360.94,0.01,0.01,2.39,0.122,6.555,15,0.12,0,181.5,242.5,56.09,2.65
Pranel,19.69,0.76,1.89,0.01,0.01,405,0.04,0.13,3.37,0.76,120,0.01,495.44,0.01,0.01,10.94,0.015,0.41,26.26,0.02,0.003,166,251,52.37,0.55
Prawns,16.155,0.85,0.65,0.01,0.01,338.5,0.01,0.025,0.925,1.74,196.5,0.01,552.94,0.01,0.93,29.135,0.208,0.825,33.08,0.025,0.006,214.5,246.5,463.355,1.155
Pulli paarai,20.06,1.19,1.55,0.01,0.01,399,0.05,0.04,1.94,1.13,101,0.01,496.44,0.01,0.01,10.92,0.02,0.35,31.12,0.01,0.002,232,335,58.56,0.52
Pummelo,0.74,0.26,0.215,0.42,6.09,118,0.052,0.016,0.155,0.04,0.026,1.055,243.44,25.205,0.01,9.38,0.02,0.035,4.26,0.005,0,7.87,102.2,0.775,0.035
Pumpkin,0.96,0.402,0.135,1.932,3.27,77.75,0.024,0.018,0.325,0.128,0.049,1.178,174.94,5.873,0.085,12.865,0.028,0.262,9.83,0.062,0,19.668,166.05,4.83,0.108
Pumpkin leaves,4.62,1.225,0.385,1.17,2.88,100,0.04,0.078,0.79,0.185,0.096,1.845,105.44,6.25,2.8,172.3,0.175,2.985,47.09,0.87,0.02,37.64,243.6,7.345,0.575
Quail,20.92,1.35,5.95,0.01,0.01,576,0.05,0.24,4.69,0.81,0.56,0.01,370.44,0.01,0.01,10.3,0.1,1.9,31,0.05,0,300,333,56.21,1.13
Queen fish,21.28,0.655,0.685,0.01,0.01,206,0.04,0.035,2.29,0.335,60.4,0.01,497.44,0.01,0.01,3.81,0.03,0.29,15.41,0.005,0.004,126.4,228.9,29.12,0.185
Quinoa,13.11,2.65,5.5,14.66,53.65,1374,0.83,0.22,1.7,0.62,0.21,0.62,35.44,0.01,0.001,99,0.24,7.51,119,1.77,0.004,212,474,4.5,3.31
Raai fish,21.61,1.11,1.69,0.01,0.01,430,0.07,0.02,1.63,0.31,108,0.01,498.44,0.01,0.01,5.545,0.015,0.46,21.99,0.02,0.003,213,347,47.62,0.36
Raai vanthu,19.39,0.92,2.17,0.01,0.01,410,0.03,0.01,0.72,0.31,112,0.01,499.44,0.01,0.01,4.36,0.015,0.36,27.39,0.01,0.006,178,311,50.83,0.35
Rabbit,21.31,1.267,6.277,0.01,0.01,594.667,0.027,0.107,5.647,0.707,0.267,0.01,436.44,0.01,0.01,15.693,0.15,1.79,28.667,0.03,0,242.667,374.667,51.75,1.623
Radish,0.81,0.636,0.115,1.842,4.811,100.125,0.023,0.016,0.218,0.122,0.054,2.054,265.94,13.312,0.165,16.761,0.018,0.34,13.655,0.082,0.005,23.87,221.238,21.811,0.149
Radish leaves,2.45,0.855,0.28,0.96,1.555,59,0.032,0.077,0.265,0.075,0.096,2.255,106.44,42.225,1.21,143.55,0.185,2.17,36.945,0.745,0.018,32.54,154.1,10.305,0.305
Ragi,7.79,1.19,1.03,6.16,33.775,676,0.206,0.089,0.68,0.24,0.028,0.465,36.44,0.01,2.165,211,0.445,2.49,78.35,2.035,0.049,134.2,251.3,2.445,1.52
Raisins,2.895,1.135,0.185,2.302,35.39,637,0.051,0.026,0.302,0.125,0.098,0.432,244.94,1.078,1.86,33.952,0.255,3.145,18.58,0.27,0.014,46.762,555.725,5.74,0.148
Rajmah,20.233,2.29,1.133,11.65,32.977,836.167,0.172,0.134,1.713,1.308,0.155,0.518,69.44,0.01,0.572,69.95,0.457,4.358,114.833,0.835,0.21,273.65,953.667,6.645,1.993
Rambutan,0.68,0.43,0.16,1.02,16.84,306,0.11,0.01,0.26,0.14,0.04,0.64,246.44,65,0.01,4.335,0.04,0.37,21.38,0.37,0,6.98,131,1.75,0.53
Rani,18.83,1.01,1.49,0.01,0.01,377,0.01,0.01,1.33,0.53,75.7,0.01,500.44,0.01,0.41,18.95,0.04,0.87,29.91,0.02,0.001,208,335,63.17,0.4
Ray fish,19.03,1.15,0.7,0.01,0.01,349,0.05,0.03,1.99,0.23,120,0.01,501.44,0.01,0.01,4.82,0.015,0.25,19.25,0.01,0.003,196,353,105,0.49
Red gram,17.16,1.688,0.815,7.405,23.038,598.333,0.287,0.077,1.518,0.743,0.22,1.143,106.773,5.05,0.657,47.92,0.533,2.242,71.05,0.648,0.114,162.917,691.833,7.058,1.362
Red snapper,22.145,1.18,1.82,0.01,0.01,444,0.04,0.025,3.285,0.74,119.465,0.01,502.94,0.01,0.01,6.455,0.048,0.47,31.84,0.01,0.004,204,386.5,49.43,0.37
Rice,8.957,0.432,0.42,2.05,38.813,745.833,0.092,0.034,1.39,0.313,0.129,0.44,40.44,0.01,0.297,5.098,0.198,0.508,27.425,0.688,0.022,101.533,86.85,1.805,0.778
Rice flakes,7.79,0.49,0.625,1.89,38.855,748,0.07,0.023,0.845,0.27,0.011,0.24,37.44,0.01,1.52,5.26,0.155,2.635,45.335,0.51,0.029,107.75,80.9,1.32,0.85
Rice puffed,7.62,0.69,0.875,1.445,39.11,759,0.064,0.028,0.985,0.205,0.038,0.67,38.44,0.01,1.51,9.005,0.15,2.79,35.3,0.53,0.031,86.3,77,2.28,0.87
Ricebean,19.97,3.54,0.74,13.37,51.26,1265,0.46,0.14,2.32,0.98,0.13,2.65,73.44,1.11,0.01,100,0.375,4.76,201,1.68,0,270,1196,10.62,2.29
Ridge gourd,1.05,0.267,0.073,1.018,1.208,33.5,0.012,0.006,0.108,0.148,0.043,1.24,177.94,4.312,0.068,8.047,0.06,0.288,9.772,0.08,0.008,20.615,62.775,2.802,0.148
Rohu,20.28,0.66,1.515,0.01,0.01,220,0.01,0.025,1.38,0.625,131.65,0.01,550.44,0.01,0.29,22.405,0.035,0.69,15.17,0.03,0.004,124.35,187.7,20.96,0.455
Rumex leaves,1.62,1.27,0.33,1.27,2.33,82,0.03,0.14,0.33,0.25,0.09,1.3,107.44,53.76,3.15,65.5,0.125,3.67,48.33,0.82,0.02,32.4,336,19.95,0.46
Sadaya,20.68,1.32,2.97,0.01,0.01,462,0.07,0.38,2.45,1.07,125,0.01,504.44,0.01,0.01,4.54,0.08,0.47,26.27,0.02,0.033,221,360,49.41,0.68
Safflower seeds,18.2,1.36,15.925,6.97,15.69,1000.5,0.434,0.078,0.57,0.47,0.501,9.77,326.44,0.01,0.01,112.75,0.345,2.24,185.25,0.685,0.034,350.25,307.15,1.98,2.33
Salmon,20.97,1.13,9.86,0.01,0.01,721,0.07,0.06,4.45,1.15,150,0.01,505.44,0.01,0.01,12.15,0.04,0.98,31.18,0.01,0.005,211,345,20.25,0.51
Samai,10.58,0.75,2.12,4.32,33.42,734,0.151,0.029,0.655,0.335,0.022,3.3,42.44,0.01,0.001,8.8,0.21,0.85,52.02,0.155,0.058,78.75,60.35,2.455,0.98
Sangada,20.26,1.26,2.67,0.01,0.01,443,0.01,0.02,0.68,0.22,101,0.01,506.44,0.01,0.01,3.95,0.025,0.99,28.37,0.09,0.003,211,217,77.82,0.32
Sankata paarai,21.87,1.18,1.68,0.01,0.01,434,0.03,0.06,3.7,1.19,181,0.01,507.44,0.01,0.01,3.015,0.025,0.99,27.53,0.01,0.001,246,379,22.33,0.39
Sapota,0.99,0.365,0.64,5.085,7.515,162.5,0.006,0.018,0.13,0.13,0.07,0.895,247.44,12.79,0.01,10.625,0.05,0.41,9.35,0.045,0.018,11.8,144.3,2.345,0.095
Sardine,17.91,0.84,8.99,0.01,0.01,637,0.01,0.06,0.91,0.77,140,0.01,508.44,0.01,0.1,21.13,0.035,0.83,24.39,0.02,0.003,191,228,38.49,0.89
Shark,21.983,1.013,0.793,0.01,0.01,404.667,0.033,0.043,2.14,0.827,86.557,0.01,510.44,0.01,0.067,4.077,0.048,0.593,25.58,0.02,0.005,214,331.333,82.727,0.47
Sheep,17.946,0.795,5.048,0.01,0.01,425.136,0.122,0.185,3.73,2.03,0.209,0.01,393.44,0.01,0.176,4.813,0.443,7.576,14.9,0.11,0.01,169.269,205.864,76.44,1.835
Shelavu,23.8,0.665,1.12,0.01,0.01,243.5,0.03,0.045,1.405,0.245,58.25,0.01,512.44,0.01,0.01,6.615,0.035,0.395,18.425,0.005,0.004,139.6,252.45,21.995,0.27
Shiitake mushroom,3.19,1.11,0.76,3.02,8.98,243,0.05,0.16,1.92,2.04,0.45,10.6,333.44,0.01,0.51,2.65,0.115,1.93,24.47,0.13,0.007,96.36,323,9.3,1.21
Silan,22.72,0.77,6.68,0.01,0.01,633,0.02,0.07,1.27,0.9,122,0.01,513.44,0.01,0.03,14.41,0.04,0.56,22.64,0.02,0,163,223,29.39,0.58
Silk fish,20.65,1.05,1.53,0.01,0.01,408,0.03,0.04,2.24,0.17,169,0.01,514.44,0.01,0.01,5.23,0.01,0.3,27.13,0.01,0.004,211,440,41.57,0.34
Silver carp,21.71,0.95,5.17,0.01,0.01,555,0.02,0.02,1.87,1.33,136,0.01,515.44,0.01,0.11,42.775,0.01,0.58,24.97,0.03,0.005,187,249,19.6,0.57
Snake gourd,0.913,0.363,0.213,1.917,1.363,46.333,0.026,0.022,0.28,0.243,0.063,2.11,180.44,2.362,0.048,12.397,0.045,0.29,16.338,0.133,0.011,21.838,82.433,3.892,0.13
Sole fish,19.05,1.06,1.18,0.01,0.01,367,0.01,0.02,0.47,0.91,68.89,0.01,516.44,0.01,0.01,23.64,0.01,0.33,27.96,0.07,0.003,123,199,74.57,0.17
Soursop,0.74,0.58,0.94,4.95,11.94,260,0.03,0.04,0.85,0.12,0.03,0.23,248.44,59.54,0.01,5.025,0.07,0.29,17.7,0.07,0,25.83,264,6.78,0.12
Soybean,37.02,3.522,14.73,16.868,8.52,1191.25,0.47,0.176,1.705,1.54,0.336,0.59,74.94,0.01,0.815,115.15,0.575,6.31,169.3,1.9,0.133,377.475,1239.15,1.945,2.865
Spinach,2.28,1.425,0.335,1.31,1.18,54.5,0.088,0.054,0.18,0.125,0.08,2.205,108.44,17.495,0.99,44.4,0.11,1.815,47.775,0.77,0.014,20.335,315.45,23.335,0.275
Squid,16.645,1.02,1.148,0.01,0.01,334.25,0.02,0.028,0.778,0.915,124.125,0.01,542.94,0.01,0.028,7.419,0.169,0.32,27.435,0.015,0.002,122.75,96,93.535,0.975
Star fruit,0.79,0.33,0.39,2.81,4.51,110,0.08,0.02,0.34,0.26,0.06,0.13,249.44,33.55,0.43,2.485,0.035,0.45,11.53,0.06,0.028,11.67,159,1.56,0.24
Stingray,23.98,1.14,0.68,0.01,0.01,408,0.03,0.02,2.74,0.98,214,0.01,517.44,0.01,0.02,4.58,0.015,0.74,24.61,0.01,0.004,174,270,64.14,0.44
Strawberry,1.07,0.28,0.29,1.265,2.02,57,0.062,0.006,0.295,0.12,0.058,0.055,250.44,27.585,0.01,9.325,0.04,0.195,8.42,0.225,0,14.2,72.85,0.93,0.08
Sugarcane,0.19,0.125,0.225,0.325,7.02,130,0.016,0.022,0.08,0.04,0.244,0.325,330.44,4.145,0.13,11.035,0.02,0.695,9.7,0.28,0.001,13.58,98.6,0.72,0.105
Sunflower seeds,24.09,1.85,25.96,5.465,3.92,1230.5,0.327,0.078,0.935,0.51,0.545,1.31,327.44,0.01,0.92,101.5,1.885,3.47,223.25,1.63,0.233,435,283.5,1.17,3.795
Sweet potato,1.405,0.498,0.178,2.02,12.275,231.75,0.057,0.023,0.392,0.473,0.056,2.99,268.94,10.965,0.01,16.228,0.092,0.262,11.78,0.188,0.007,21.812,183.975,16.9,0.095
Tamarind,3.14,1.875,0.085,2.79,33.9,607,0.19,0.037,0.86,0.095,0.046,0.35,251.44,2.235,2.42,81.45,0.295,5.435,45.64,0.33,0.026,65.55,422.05,13.685,0.315
Tamarind leaves,5.85,0.655,0.25,5.36,5.03,150,0.07,0.018,0.405,0.17,0.075,1.945,109.44,18.52,0.01,33.945,0.3,1.77,21.45,0.345,0,44.5,234.5,6.75,0.48
Tapioca,1.13,0.615,0.105,2.365,9.19,172,0.036,0.01,0.23,0.11,0.048,1.01,270.44,9.35,0.22,16.205,0.115,0.495,13.57,0.13,0.012,26.795,145.65,5.48,0.11
Tarlava,21.72,1.14,1.2,0.01,0.01,414,0.04,0.04,2.13,0.25,149,0.01,518.44,0.01,0.01,5.84,0.015,0.53,30.1,0.01,0.005,199,370,67.4,0.31
Tholam,20.78,1.06,2.13,0.01,0.01,432,0.04,0.03,2.74,1.22,160,0.01,519.44,0.01,0.01,5.7,0.025,0.6,26.14,0.01,0.004,241,382,28,0.36
Tiger Prawns,14.25,0.83,0.74,0.01,0.01,270,0.03,0.03,1.18,1.47,112,0.01,537.44,0.01,0.01,35.945,0.205,0.39,30.5,0.02,0.003,191,140,61.05,1.16
Tiger prawns,14.545,0.885,0.61,0.01,0.01,278.5,0.01,0.035,1.155,1.775,160,0.01,545.44,0.01,0.185,23.928,0.178,0.785,34.435,0.055,0.004,172,145,134.385,1.06
Tilapia,18.48,1.18,1.08,0.01,0.01,349,0.02,0.18,1.4,0.78,176,0.01,520.44,0.01,0.86,49.695,0.02,2.84,24.56,0.1,0.01,184,255,52.55,0.88
Tinda,1.06,0.27,0.09,1.02,1.135,32,0.01,0.018,0.29,0.21,0.034,1.99,182.44,7.54,0.09,11.475,0.045,0.22,11.82,0.055,0.007,16.42,29.93,12.565,0.105
Tomato,0.987,0.285,0.19,0.875,1.645,44.167,0.033,0.026,0.28,0.14,0.046,1.535,184.44,12.827,0.025,5.333,0.033,0.188,7.82,0.062,0.003,10.943,109.917,7.128,0.077
Tuna,23.025,0.742,1.025,0.01,0.01,323,0.055,0.1,4.16,1.002,81.785,0.01,521.94,0.01,0.01,4.48,0.128,1.24,22.37,0.018,0.004,187.4,230.9,27.062,0.452
Turkey,21.158,1.04,8.317,0.01,0.01,667.5,0.045,0.105,3.932,1.505,0.5,0.01,372.94,0.01,0.01,11.475,0.162,1.4,23.75,0.025,0,202.75,291.25,53.482,2.315
Turmeric powder,8.1,3.255,2.55,10.835,24.885,590.5,0.032,0.005,0.825,0.075,0.068,0.45,307.44,0.01,7.345,71.45,0.23,23.955,138.1,4.82,0.034,154.55,1273,13.445,1.445
Valava,21.8,1.27,1.06,0.01,0.01,410,0.13,0.02,0.86,0.61,104,0.01,523.44,0.01,0.01,18.53,0.015,0.24,39.05,0.02,0.004,229,365,91.91,0.42
Vanjaram,22.28,1.33,5.18,0.01,0.01,570,0.03,0.07,3.46,1.22,163,0.01,524.44,0.01,0.01,4.925,0.04,0.41,36.73,0.01,0,302,473,34.85,0.74
Varagu,10.01,0.995,1.34,3.495,33.69,699,0.172,0.109,0.785,0.35,0.044,0.835,43.44,0.01,0.95,8.275,0.155,1.4,63.95,0.19,0.046,53.1,52.35,1.695,0.915
Vela meen,22.16,1.34,4.34,0.01,0.01,537,0.05,0.04,5.15,0.22,97.92,0.01,525.44,0.01,0.01,7.45,0.04,0.64,31.93,0.02,0.011,280,387,38.15,0.36
Vora,20.14,1.26,2.14,0.01,0.01,422,0.06,0.07,3.72,0.28,121,0.01,526.44,0.01,0.01,3.82,0.005,0.27,32.27,0.01,0.003,246,401,43.66,0.29
Walnut,15.54,0.9,32.16,2.79,5.415,1406,0.21,0.063,0.445,0.435,0.436,7.265,328.44,0.49,0.26,55.45,0.925,1.69,98.1,1.895,0.19,221.5,245.1,0.945,1.595
Water Chestnut,0.86,0.95,0.37,3.02,21.46,400,0.02,0.02,0.74,0.52,0.13,1.08,271.44,5.26,0.11,18.575,0.095,0.77,57.43,0.57,0.011,62.83,382,13.08,0.67
Water melon,0.64,0.07,0.085,0.432,1.92,42.25,0.012,0.011,0.162,0.098,0.054,0.32,252.94,7.365,0.008,2.902,0.022,0.148,4.943,0.025,0.009,5.92,65.775,1.038,0.05
Whale shark,21.83,1.48,0.82,0.01,0.01,401,0.06,0.04,2.9,0.84,125,0.01,527.44,0.01,0.01,4.16,0.05,0.33,20.61,0.01,0.001,274,365,116,0.38
Wheat,11.164,0.511,0.485,5.164,34.881,705.6,0.138,0.038,0.78,0.41,0.073,0.865,48.44,0.01,0.509,15.246,0.214,1.721,39.707,0.97,0.009,99.774,149.65,1.512,1.022
Wheat flour,10.795,0.512,0.62,3.675,34.92,708.75,0.158,0.057,0.828,0.428,0.092,0.388,44.94,0.01,0.835,14.362,0.195,1.73,42.49,1.015,0.011,119.05,126.075,1.092,1.03
Wood Apple,3.44,0.6,1.825,2.795,4.05,165,0.024,0.006,0.3,0.12,0.096,0.895,254.44,14.83,0.06,31.585,0.12,0.255,12.69,0.11,0.016,44.16,187.75,0.92,0.17
Xiphinis,19.82,1.15,0.88,0.01,0.01,370,0.06,0.05,3.24,0.21,65.79,0.01,528.44,0.01,0.01,6.04,0.015,0.54,26.38,0.01,0.002,255,306,66.21,0.56
Yam,2.783,1.123,0.158,2.918,13.022,263.167,0.055,0.02,0.455,0.18,0.149,2.943,273.44,10.415,0.255,19.19,0.122,0.733,23.162,0.222,0.012,36.458,405.067,9.58,0.223
Zizyphus,1.34,0.8,0.35,3.73,9.4,204,0.01,0.02,0.33,0.14,0.11,2.22,255.44,60.93,0.11,23.275,0.06,0.4,16.72,0.24,0.008,32.38,237,1.52,0.1
Zucchini,1.205,1.005,0.475,2.07,2.265,81.5,0.04,0.055,0.725,0.855,0.225,1.075,186.94,16.245,0.01,9.56,0.045,0.43,13.115,0.17,0,26.705,154.5,0.395,0.28
